Id,target
0,-58.920154314403746
6,-52.01176010816212
7,21.398938487602503
8,-71.55236839148411
12,206.883389095695
14,-7.684432043242726
17,-29.03511319447728
19,50.11111441151334
22,-12.02439277390582
23,-3.4155555106185886
25,-131.89150953794308
26,-27.18312285500176
29,12.669517508992865
30,-31.626269637349587
31,-29.066782518595797
32,-22.330012818463835
33,-709.5947217532389
43,-51.98144809554563
44,-845.6577258809235
45,22.653652544871317
47,-7.308694581547051
48,409.05187029039513
51,-112.48379726759488
52,-15.104456461609665
56,-2.8964195004700564
58,-47.29495808806318
59,-63.73516719845351
61,17.74618894331275
63,35.109994706949564
65,-38.5644752005323
67,-42.128158738648644
68,-12.31757232896128
69,-27.340200759083505
70,-54.45299935081623
73,22.450506303473336
75,8.670251584642546
76,40.43372654765179
79,459.8022614800409
80,-30.72198554561773
82,91.4205142950665
84,-15.707841410794902
87,-56.03688695850839
88,13.415962104316318
90,0.5510174580309588
92,-65.1511408983281
93,-54.840062964306426
95,131.29949865567525
96,9.051024987355767
99,0.5510174580309588
100,-12.687282007113813
102,-136.65041248983894
103,-43.79090108945691
106,-22.509471713851724
108,67.15607622292472
109,-131.6973398614665
111,-29.03511319447728
112,-26.03419149213937
113,114.6863794595903
120,16.673788038855196
121,-37.7613423347435
122,-13.838191699614711
124,9.182678423399413
131,-69.35068872862776
132,-73.90961414377011
134,-11.050007306765185
135,-0.7144653108873449
138,118.0679120696886
139,-3.6783136783705963
141,116.41456564132211
144,-176.68167690196285
149,-64.3671060708078
150,-38.5644752005323
151,-87.36781373781463
152,-95.3628002009226
155,121.41741560519311
156,13.251833246140645
157,464.3318533061187
162,-40.91670447440643
166,-129.9668042716621
168,-2.2020281219515745
170,-5.389786537866652
173,0.5271891428387008
174,141.7830478463076
175,22.607347782414006
176,517.7430104086108
177,132.76481686077167
178,6.741345843291686
179,-8.489789461509496
180,-28.11819443087566
183,-15.73617548135958
184,9.057263337541759
187,91.76337233391486
188,667.7599075385211
191,144.65786911521081
192,-13.670807580631768
194,-38.47783541944141
195,-52.6989827608453
196,-18.473491040063628
198,521.704520325175
199,-24.682170098673755
203,-5.143631883467002
204,-36.327693453765605
205,48.83647272616986
208,-5.111962559348488
209,-200.03276047225341
210,-9.144991019768252
211,5.061300345705277
212,-60.967819038770514
214,25.019867134390427
217,-11.253633126135917
218,-122.535390549524
219,-6.250783162264831
220,260.74050289264693
221,15.135086755188805
222,-95.62221146341702
226,166.00855026644547
227,-57.082393052823974
228,201.2285528857747
229,-58.13009777481834
230,-18.45887204437405
233,-24.682170098673755
234,17.399761723080903
238,52.53334802995933
239,-43.20718108705544
240,25.268071660166196
245,147.70499027917978
246,-95.69963334305716
247,-20.43999015285379
248,-48.759715618118385
251,22.120900048316127
252,16.207049267767548
254,-3.6783136783705963
256,-36.39840908441586
257,-152.5158348223454
258,-35.15843911816849
259,-50.576026860908044
263,-45.935682281662906
264,-48.67161567825433
266,-57.73589242133889
267,-5.111962559348488
268,-59.6602795907246
270,-3.6783136783705963
272,-43.00070741314272
274,-48.364384308137986
276,-242.87163236283308
278,30.68970386353836
279,-58.44780431558368
282,-5.143631883467002
283,190.02709847828896
286,10.487331508523578
287,-41.01575314172231
288,-350.01559335554214
289,-48.364384308137986
290,500.0876650025724
291,-3.6783136783705963
293,-29.03511319447728
295,496.7777762887654
296,11.95264971361998
297,41.36769832175388
298,-14.15260021221022
299,-19.407225264744184
305,0.49469315579046125
308,-45.08453464451816
309,-34.298710455625354
313,-52.99320131540388
314,-62.027230106752214
315,-23.71330972761599
318,-6.52338891204789
319,31.349053493956962
321,13.339091654364413
322,-29.701972010980086
324,-40.91670447440643
325,-29.03511319447728
328,-62.4634775716613
330,-309.1982506989103
331,137.15753657064496
332,-38.38084688597941
333,-29.03511319447728
336,-61.74139945495902
342,-61.05397695468321
343,22.712722364761095
346,-3.6783136783705963
350,132.10278655750267
351,-36.51029335725134
353,48.178090802436415
354,73.95402205860317
356,-28.546529591908623
358,18.107436919833095
360,20.321120691347108
361,-42.35035335538433
366,5.289027051269741
367,51.098501684223635
368,-29.066782518595797
370,37.6961753707086
371,66.63947106291066
373,33.57702426760777
376,189.4234785504855
378,-276.2904812530382
381,-5.143631883467002
382,72.57614710032902
383,-23.008284297782545
386,-50.07063893889894
387,-141.8320931038018
393,82.4704988497207
396,507.8107391948861
397,527.7962289495403
402,14.107135567570861
408,-29.03511319447728
410,-90.64441053688999
411,55.086114767550086
413,-28.850028111472636
414,-6.3046750146618376
415,-27.60146431349939
416,-57.35087774506121
418,-727.4423087075445
420,-278.7026641525824
422,-45.07160323784191
423,112.92623066721647
426,-2.138776492125846
429,-6.577280764444897
430,6.004526108838807
432,10.011486848583115
433,168.30526778615805
434,-48.72860696904108
436,-1.7886096153703797
437,1.0967164992616318
438,17.87081271370295
439,-31.353663887566526
442,-25.20106670597177
443,-24.916178900035376
445,21.310997075066435
446,-5.889096793865686
448,-362.90694633620564
449,34.38014670239187
450,60.88170470074857
452,55.586861090205616
457,41.06504124990961
460,525.2592804692416
461,-78.3750612941157
462,-14.659669208499752
463,-18.290334623728896
465,-202.83478945012178
468,-51.31920273687217
471,8.28094997992132
472,-6.577280764444897
475,-32.123970437082804
478,-54.45191065898689
479,-12.446345581449263
484,-3.6783136783705963
485,9.699695696120077
486,-11.253633126135917
487,15.23260614477503
490,-0.847023293514436
491,22.814415256133298
494,-77.21669949613828
495,-57.71882950108187
497,89.28000141133067
498,128.1039898173208
500,16.238718591886066
501,-43.8903714236901
505,80.50920890389804
506,-6.410478302268244
507,-117.38678882957751
508,-66.9238580482715
511,-105.01316139385843
517,-28.134215981983104
518,-32.289158870557586
521,123.66170141293127
522,35.186326184263194
527,-11.348081716479694
528,294.40640830607
530,9.303063496657789
531,66.42521220835177
532,-16.09331808947765
533,6.6714308456567295
534,-36.578223919963065
535,-10.590743892927923
538,792.4957456613727
540,-15.7340051588452
541,214.1946316840423
543,-3.6783136783705963
544,356.74059999677695
546,98.46556912531848
547,-36.732036001035695
549,4.182520619640233
550,-29.066782518595797
551,79.50191725517993
553,-70.48734209781743
554,-77.90521357840065
555,30.182021568602398
557,-2.827908652383467
558,512.6065070191778
561,-6.577280764444897
564,-2.904152303443997
565,-46.37714116488965
566,-19.828048177292874
567,11.124592271327355
568,26.797321744241817
570,-6.3363443387803535
572,-1220.2440838447717
573,84.35772454974546
576,-1.0093156666382228
577,14.067159012871127
578,-30.500431399573685
581,13.419742362774901
582,-32.236226629495526
584,-3.6783136783705963
586,-48.10287695059604
589,-3.9561376568887567
594,-11.528116183722569
596,-64.45743884735813
597,633.1150678965417
598,-167.41536563866606
599,-6.378761037045665
601,54.41883917078792
602,-21.179183551056237
604,-7.790464354448982
605,-11.253633126135917
610,69.0667057602908
611,543.4994635219997
612,-34.521188381492024
613,-7.957037793025787
615,129.3621424657252
617,616.8848135897312
618,139.93810364489977
620,-60.655186636164515
621,537.8247499553422
622,12.669517508992865
624,4.030258858402195
625,32.91656682353015
626,52.6871736980783
627,708.9731691912082
631,-38.227391406310645
633,-27.60146431349939
637,-74.0694754643874
639,-3.6783136783705963
640,37.64889289614631
642,35.186326184263194
643,423.57340682794995
644,-0.33693238171626305
647,-27.60146431349939
648,577.0934568802318
650,6.916965566681462
652,-3.6783136783705963
653,143.04240819615188
654,50.79261967319532
655,-27.52922781800615
657,17.431431047199414
658,-7.4921341196991555
660,-40.01646872460645
662,-78.21588597593393
665,-26.892953214168852
668,45.73202602698936
669,-85.46516506584598
670,-3.6783136783705963
676,3.5370603423210376
677,70.84170819980349
678,-66.33429469600478
679,-34.95357038377382
680,-21.87165620319845
681,-51.92085103589132
682,-5.143631883467002
683,-35.59575549781169
685,67.66754932427627
690,303.75860697002486
691,536.7365084654609
693,168.3454031490339
695,-149.73612522998312
697,527.151632334636
700,-5.111962559348488
705,24.91782940051564
708,-51.86063923760419
711,9.770550422918564
712,9.362418643732845
718,14.985250282241001
720,-11.253633126135917
721,-50.83372208011963
724,-422.33953202539294
725,-30.823840665461177
727,-13.773429999900626
729,-248.3732322956569
731,287.47314740897724
733,118.19229716545469
734,25.019867134390427
736,-40.01646872460645
739,71.93469227756908
742,-86.73013907741763
744,7.277890138158945
746,-26.03419149213937
748,99.66043014295688
751,-15.780901536079746
752,-115.46845805507179
755,18.673893489504056
756,-252.63333478681582
759,-40.04813804872496
761,52.65306977134928
763,-147.965210457147
764,-168.41894680148786
765,199.79490400479685
773,-17.494731719278384
776,7.682840271151953
779,-107.81918691721451
781,-9.801639602061785
782,-103.17610977494284
783,21.00277821919806
785,-34.352602308022355
787,-107.30393387055916
789,-25.3870678376977
790,-32.257489546439075
794,56.55874079533956
796,-31.59460031323107
798,-285.5630040663159
800,2.5487100233357616
801,-24.68663178796143
802,50.53931749886948
803,-775.0515789883365
805,33.835882175563526
807,-129.6435185129679
809,-102.23808527837858
810,-65.55424230660788
811,-56.561011544421376
812,-43.85171374275831
816,-129.07479292874
817,-21.44518047149855
818,164.5446748398423
820,-2.788597280524492
828,-18.427202720255536
829,-39.25434595302111
831,-6.900690030332388
833,-56.510902222820576
835,30.59200697616026
836,-28.775832125716498
838,-71.07647784485721
839,6.569436987900321
840,13.573823929541593
841,341.21738718577296
842,176.67618978844988
843,-10.590743892927923
847,41.58774605629695
852,-63.46057896301535
856,-9.86629438777129
857,637.1330072723397
859,10.011486848583115
862,-190.53862076365664
864,-157.42474411044608
865,16.123892179167253
866,83.1446963508884
867,-58.37112318703488
869,29.00475220159061
871,9.699919564180114
874,-337.0674146794054
877,-5.111962559348488
879,-24.441233673009204
880,98.46617058017831
881,-13.096747440358996
883,-3.6783136783705963
887,-5.143631883467002
888,15.416912948045518
889,224.0509453007727
893,-39.94423222911319
896,199.79490400479685
897,-16.080791966380954
898,1.5561592833489755
903,495.33705079514164
905,-233.13190296369856
907,-34.10317911438899
908,-6.577280764444897
910,-119.2243786443744
911,537.517377345685
912,-38.018161219377575
915,-22.07684834110265
921,-1089.0764516928639
923,-3.6783136783705963
925,-15.191185837639598
926,-5.111962559348488
927,-59.92023539647941
929,-78.46833602862438
930,98.46556912531848
931,-45.67177837466202
932,201.47203982812698
937,-8.649109799167972
940,-68.34259639867791
941,11.23586862801498
942,-6.3363443387803535
944,-56.561011544421376
945,1.5244899592304613
948,-54.783228207288246
949,-32.257489546439075
952,-71.07647784485721
958,-591.2428653465785
960,-29.03511319447728
964,647.9545403906221
965,-55.88555953996479
967,-28.794176768812733
969,-30.500431399573685
976,-29.066782518595797
977,579.6699713129784
978,-35.71385984573577
979,127.2829744993763
981,-0.9706250493059478
985,130.63308235274891
990,-17.089617475209522
994,45.27912371636209
996,-25.76158574235631
997,-22.279660846638095
999,8.525984070373525
1001,-5.143631883467002
1003,-12.687282007113813
1006,-256.8609168063713
1010,-29.03511319447728
1011,-49.02089595612341
1017,-68.3575069292494
1018,-43.55346108522009
1019,-27.342183244738607
1020,-15.383362844448566
1022,14.765698182413953
1023,200.2793273728137
1024,-29.066782518595797
1025,26.6404429648713
1027,-11.253633126135917
1029,-78.90263213861981
1032,-50.33672315239299
1033,-3.4784179843797105
1034,-30.259494973909142
1036,-7.340712331388563
1037,-88.82379645015567
1038,-125.66561152909374
1041,-19.860899853793835
1042,-12.718951331232324
1044,36.46927224518889
1046,-12.056062098024332
1047,-34.36907007986366
1049,-160.26710609020495
1051,-62.39541338967267
1052,-50.97087468869894
1053,-40.21318035705793
1055,31.333081469604455
1056,217.79870414012362
1057,-26.147488303770164
1061,128.26184983014846
1064,-11.126481903925526
1067,-40.01646872460645
1068,-44.13950465741371
1070,-30.227825649790624
1071,-47.17167185282464
1073,-36.266134760024954
1074,-142.69470056050488
1075,73.04265515868978
1078,-3.6783136783705963
1080,-108.70279921225769
1084,84.67253587993024
1088,16.600404960285214
1089,-70.10297305664014
1090,-40.01646872460645
1091,-5.111962559348488
1094,-13.639138256513256
1095,-24.441233673009204
1096,-27.60146431349939
1097,-222.43658274948396
1099,-122.02125512845771
1101,-141.29088052383014
1102,25.967207250510615
1103,32.08851361738246
1104,-6.491719587929378
1105,-4.871026133683941
1106,-36.19818261979036
1108,-7.585926143901718
1110,215.0627636042705
1113,-93.11872202650798
1114,-3.6783136783705963
1115,-53.16058543438683
1116,-101.84034469282494
1117,-22.193398610570203
1119,-67.71405172458569
1123,-47.15332720972842
1124,79.90921242808587
1126,9.770550422918564
1127,-4.63972924845385
1128,-145.68291643927552
1129,180.7350152839699
1130,173.63249362943955
1132,57.38556010310445
1134,-256.8626659232174
1135,96.16543446825669
1138,-49.798033189115884
1140,4.182520619640233
1143,181.9277277392832
1144,-45.71967832875052
1146,-245.36362291674308
1149,199.84811159460872
1151,-76.13121908374663
1152,-35.40167195070845
1157,-27.60146431349939
1158,21.590199308835206
1159,60.79529312645987
1161,124.91797062354301
1162,-30.500431399573685
1163,100.40542208857931
1164,-23.656525768910516
1168,-5.111962559348488
1170,-897.809762180279
1171,-7.012876274639996
1172,18.547342277561018
1173,-11.253633126135917
1174,-46.20366597203345
1175,597.3965837610375
1176,-77.98428564464683
1178,24.946932064893947
1180,121.68909740927133
1181,-5.111962559348488
1183,-65.71623506238669
1185,74.30531747326782
1186,-64.8942984531068
1187,43.16340837303298
1188,23.10841410320919
1189,127.57872126987071
1192,-63.34059044187991
1196,42.25478806964398
1197,-69.87144193582424
1200,54.19825266943367
1204,-21.850879713817584
1207,110.49518599231111
1209,-96.16347083641982
1210,-19.55164256776513
1211,-235.23377983753312
1212,-831.9329461915613
1213,186.52690417049615
1215,24.040501210316126
1216,-22.808089492770915
1220,-9.193102389049658
1221,35.02622755613295
1222,16.924925603154588
1224,-9.808337543469229
1225,-61.05397695468321
1226,19.89138389204847
1227,34.75444571180945
1228,-89.85134815016703
1231,-56.23201503951512
1233,-12.446345581449263
1235,-43.00070741314272
1236,-7.684432043242726
1237,155.36569171666636
1238,-30.259494973909142
1242,-14.190799369159024
1244,-90.97481057586364
1251,89.99450190364004
1253,11.23586862801498
1255,57.26510407773769
1257,538.7136704110549
1258,-39.935643367776585
1260,-22.829538052394177
1261,-50.07262142455404
1263,120.1680004115836
1264,-29.066782518595797
1268,-30.500431399573685
1270,2.989808164326874
1272,-27.527245332351043
1277,199.21233719044707
1278,-51.50627030553194
1281,-185.37304084034793
1283,-39.773384255428184
1288,-87.32931185401426
1289,-3.6783136783705963
1292,511.53279439312473
1293,-174.9085593047831
1295,-22.806064773021383
1298,192.42937188268664
1299,51.74195678711416
1302,-204.16116806846458
1305,11.11247272908221
1309,304.78474071960363
1313,39.800342382782674
1315,-71.84029676339354
1320,-5.143631883467002
1321,-773.7579993303632
1322,-5.111962559348488
1323,17.67236747286395
1326,468.23847154100065
1330,1105.1168881619408
1334,15.966112842103012
1335,498.4440375311925
1336,100.42280660124806
1337,14.01550870159365
1338,-6.348489248635177
1340,-56.40422065165771
1344,-64.9510547625758
1345,-14.659669208499752
1350,-19.294431524495895
1351,33.24664197857548
1356,-0.6009289848302686
1360,-8.494612541062015
1361,-65.71623506238669
1362,-11.6630985593811
1366,-447.08359130572455
1368,-16.993553839277638
1370,-54.45962421698012
1371,-85.16568402292455
1373,8.57783796760522
1374,-27.60146431349939
1375,-44.12696905803578
1377,-6.577280764444897
1378,-30.58152026642143
1391,-55.72720370275681
1392,94.03895406647152
1393,41.36769832175388
1395,486.7724248416654
1397,-26.039379970824896
1398,8.57783796760522
1400,-14.190799369159024
1402,-41.4334345917827
1404,3.8823036560939634
1405,-29.03511319447728
1406,-151.00776377525017
1407,-140.9860596691493
1411,-52.56218114743553
1412,-63.598736392710705
1413,-0.705127611147951
1416,465.00146192359205
1417,2.68048575810662
1419,-180.29733164650062
1420,77.38831838722162
1421,65.43166767060956
1422,9.07157929181216
1424,-165.9651068076755
1425,-14.15260021221022
1426,69.79002289766319
1427,-29.03511319447728
1429,509.0362363660306
1430,-22.07451464626645
1431,10.488162685510925
1432,-64.18166994019484
1433,-26.147488303770164
1434,47.87195709977996
1436,-114.7781608140622
1437,11.23586862801498
1438,-3.00147190315856
1444,-67.7793033200198
1448,-4.0291256881812245
1450,-79.80871017509358
1451,-88.08210935289048
1454,101.23550859145247
1455,-54.87725467743391
1456,177.49334593528548
1457,-64.94249928033335
1461,-110.75142922270827
1464,123.46530186885708
1467,-5.7973690721994515
1468,-5.111962559348488
1469,-76.86526009751078
1471,29.338170589329575
1474,-73.19333050752228
1476,-24.682170098673755
1477,-28.11819443087566
1479,488.2609884493602
1480,-11.253633126135917
1482,531.9522709914463
1483,214.54584948262757
1485,-32.01655312077452
1487,-37.979807863817896
1488,-10.588017673198383
1489,-106.62526288920719
1490,128.9197866902443
1491,0.2545130978858161
1497,-132.88904230802257
1498,-72.03514188792967
1499,12.669517508992865
1501,18.742635331372018
1502,-357.41711460739117
1503,-21.174278896466465
1504,-2.3584532622133167
1505,-67.73753089658719
1506,-856.5938405936697
1507,-5.111962559348488
1509,-6.3046750146618376
1510,-21.591659565188543
1512,-12.687282007113813
1513,-65.07643815640454
1514,32.559964847971955
1515,-24.71383942279227
1517,-12.404542818636816
1519,-4.43710326979155
1522,-69.1793699296821
1526,472.7584782850794
1532,16.4188991632189
1533,19.538462645960156
1534,-129.93847020109735
1536,-21.205948220584975
1537,-87.95938379269315
1538,25.19932187688666
1539,20.427502356915323
1541,0.2545130978858161
1543,-12.687282007113813
1545,89.99450190364004
1550,-147.03973972994885
1551,-50.13916352279311
1552,-12.687282007113813
1553,-46.48349724728685
1554,201.2285528857747
1556,-34.49554988496048
1557,-189.95477563386655
1558,-12.404542818636816
1563,68.11229941394784
1564,-20.48450828639071
1565,-146.10316785461276
1566,-87.85266150426828
1569,101.93490153998786
1572,-757.5599117291101
1578,-41.264010087398844
1580,-35.53682799536689
1582,-5.048057984052814
1583,200.03584043046152
1586,-3.6783136783705963
1588,211.8403872523087
1589,139.45161127231364
1590,-9.051244348998127
1592,-15.021166637891696
1593,2.348353031747749
1595,675.6999838830127
1598,86.94307256337638
1600,-27.60146431349939
1602,-24.549605175198394
1606,-70.45045513436271
1609,-69.20079970087183
1610,-174.81788952499684
1611,-37.33118331114243
1612,-111.70711188064395
1614,-5.111962559348488
1615,266.70468729774126
1616,45.92644229868303
1617,31.482917942552252
1618,33.201073097491246
1620,-366.75512053072987
1621,-95.02278433528954
1623,145.11274645408318
1626,-22.22287688793262
1627,-29.066782518595797
1629,-230.98597915413137
1630,-26.147488303770164
1632,10.519000832642082
1634,33.1319871779874
1641,-5.111962559348488
1642,-24.441233673009204
1643,540.2888023885602
1644,-13.644297199738874
1647,123.66701525005199
1649,-5.557477170586736
1650,-0.33693238171626305
1651,-73.0203563518527
1652,-174.5467932404077
1653,-8.334338911310287
1654,30.714851274207337
1657,41.42359376390121
1658,-31.313930283975637
1659,-16.993553839277638
1662,23.21459889236704
1665,-29.066782518595797
1666,19.43317085159988
1669,-231.01926658613996
1670,-29.03511319447728
1672,-15.707841410794902
1675,-385.9802751430466
1683,-2.5695037740873836
1684,-22.522476974897348
1688,-37.615253444162725
1691,-4.515146952469756
1694,39.461591431373805
1697,-258.05537837853086
1698,-3.6783136783705963
1699,85.26429428052948
1702,-172.9288133330502
1703,-27.60146431349939
1705,528.7543845328113
1714,-31.69314385488704
1717,-13.775991299070006
1718,17.049701249069496
1720,-188.34573839929607
1721,-51.26335139421229
1723,-9.467368070623433
1726,1.66898846304397
1727,-33.154918843711485
1728,-114.04893062981596
1729,44.48702794478109
1730,-305.33230027693236
1732,-48.65366892686232
1736,-8.793829649192684
1738,-140.24831590216937
1739,-5.111962559348488
1740,-91.72276353622998
1741,-55.85298078496966
1743,84.29756004529662
1744,-36.5735219961098
1745,-5.111962559348488
1746,530.1281598571799
1747,-2.280672174492331
1749,22.20646122483164
1751,-19.18899680800342
1752,-0.3686017058347737
1754,9.770550422918564
1755,23.54841883567512
1756,7.925453623040401
1758,81.11929953518371
1760,17.431431047199414
1765,-5.143631883467002
1767,-9.884639030867515
1769,913.0871144654423
1770,-5.926205834885188
1773,-33.78944502290008
1774,59.8084803601041
1775,-60.83421762672408
1777,230.170220640888
1778,-13.879994462427161
1779,-27.60146431349939
1780,74.50760065240662
1782,5.449659595065153
1783,66.1057260486262
1784,239.55972045992633
1786,-6.812462844287474
1787,-316.28232106310406
1788,23.58621825341253
1789,-5.694105528953177
1793,-11.548076885242278
1800,396.73761765595793
1803,-16.975730684978796
1807,20.897999610621145
1808,38.63518316149346
1812,65.19505214686653
1813,-50.2889427276843
1814,-32.63786090929258
1815,11.23586862801498
1818,15.890261033809207
1820,474.45860295480173
1822,-733.8071213689517
1829,-32.13208096647584
1830,-57.5394018122786
1831,-198.93025685979325
1832,10.982039353376162
1833,-24.609933603180508
1835,31.47919713066246
1836,94.63674115796036
1837,13.251833246140645
1839,54.36831812340539
1840,15.220647931704324
1842,20.478292835229038
1844,-27.60146431349939
1846,-29.03511319447728
1849,41.80217382850765
1850,89.6332994248173
1859,23.58621825341253
1860,-5.111962559348488
1861,-325.7976473699383
1862,-107.7488267001924
1864,-41.48178692970286
1867,-17.558636294574058
1869,-6.250783162264831
1870,-70.83554141919265
1871,-30.155589154297388
1872,-16.993553839277638
1873,39.01213664971654
1874,-122.69242546187108
1876,1.848635988862334
1877,96.14621572830899
1878,-23.83374755834172
1880,-78.29119953234817
1881,-17.611446577673913
1885,21.332528348410175
1886,-19.892520925351942
1888,365.93240935584134
1891,9.49738828499418
1892,-764.8467453583206
1893,-104.90838523057998
1894,69.87398095624661
1896,-19.892520925351942
1897,-161.9578302279582
1898,-835.1055474048695
1900,-0.7936591044093397
1902,-838.7806912012096
1903,8.95755079727245
1904,11.876845012098084
1905,-71.68887552341724
1907,-454.41812549800153
1909,-178.5437078652014
1910,-20.933342470801918
1912,47.920794503924625
1915,-128.58450661828402
1918,37.19673527230725
1919,73.89874016417602
1921,-13.454460944887632
1923,-22.580250122068186
1924,-0.10032110075453815
1926,8.761662413730225
1928,-27.52922781800615
1929,15.380899917613117
1932,-41.01575314172231
1934,-121.6753361542693
1935,-38.5644752005323
1936,-64.18166994019484
1937,34.50654728409292
1938,-121.34054622657429
1941,-12.809624623479545
1942,-31.69314385488704
1943,-6.09449261582089
1945,47.31886578660854
1946,36.86756794500373
1952,2.748871738662327
1954,522.5588221136271
1957,-791.2480291667507
1961,-6.3046750146618376
1962,-110.78309854682676
1964,115.03663312024871
1965,-17.558636294574058
1966,-20.203176716102927
1967,10.135794637612587
1971,-33.46950552273587
1972,-50.576026860908044
1973,-879.5963332930216
1974,-5.111962559348488
1978,3.661898015269614
1983,-78.60546894110566
1988,0.849051082082692
1991,-29.03511319447728
1992,5.798100001599092
1995,-27.566889040433136
2002,190.62288285176558
2004,17.399761723080903
2005,-49.12407188604189
2011,-6.577280764444897
2014,92.8302539777839
2015,-3.227584884969062
2016,-11.12463614041085
2018,-26.28344343573856
2019,-5.495836106272883
2021,-6.491719587929378
2022,-48.63699005792104
2023,-69.58964517064716
2024,187.65250000886738
2025,55.130991931669854
2028,-114.7159199884775
2029,180.99500937848134
2031,172.59504975957987
2034,150.00484436593067
2036,94.83511159712451
2042,49.73276432314276
2045,-68.3575069292494
2052,-4.083732627659771
2053,-44.54368927166605
2057,33.46297486136784
2059,116.41456564132211
2063,-97.13328222403509
2066,-38.15180514389666
2067,-32.63786090929258
2069,2.5096394877487533
2072,-89.31167262978539
2073,-5.143631883467002
2077,-41.4017652676642
2078,195.5767976130724
2080,-40.6043407241256
2083,41.26088190422341
2085,-20.338655751436782
2086,-41.264010087398844
2088,-10.768527323206357
2091,-849.395142064613
2092,7.523901916294559
2093,-5.875045700569153
2094,-103.89194289205685
2095,201.466071909582
2096,-32.67895952865297
2097,11.23586862801498
2098,-27.58311967040315
2099,-24.579367171839223
2100,20.3638419014507
2101,-18.366033203744465
2103,12.669517508992865
2104,193.93115515434306
2107,-23.248521217695856
2110,162.80139349625657
2111,-847.12304408602
2114,61.192036845460905
2115,-27.60146431349939
2117,4.182520619640233
2118,99.53988901256447
2119,-40.04813804872496
2121,-27.60146431349939
2123,-18.522526864799346
2124,-39.53772835260134
2127,8.270164910208695
2131,-47.040030398097635
2133,-120.40789736646413
2135,-29.066782518595797
2138,-329.51932210118565
2142,-50.07063893889894
2144,-52.6989827608453
2145,20.719229260893588
2146,5.449659595065153
2153,5.326934034867801
2154,-70.37497855829713
2155,-74.846806749923
2157,-138.45264252911906
2159,549.6950259411841
2164,-88.20162346263784
2167,-27.58311967040315
2168,-15.623030533038342
2170,-46.13979464829764
2171,20.004351270581513
2172,-154.3728185446488
2173,10.845524742038005
2174,-169.60716954398472
2177,6.4734600989662745
2178,-4.871026133683941
2179,-120.41680592978912
2181,-31.161949296838188
2182,-231.67817288987032
2183,54.10341790529078
2184,73.49512270053259
2186,31.38367601312996
2187,-87.8375321837815
2189,-24.628278246276746
2191,-19.938809245160037
2194,12.260052075747705
2195,52.90833501652446
2197,8.080803870432643
2201,63.51350609533071
2207,1.3371154407719104
2208,-47.379780710048436
2210,-29.512917344680623
2211,544.9647817270962
2213,-27.60146431349939
2215,43.803661733963764
2217,-47.29439741302198
2218,-31.368997825255164
2220,-5.111962559348488
2221,21.808875391860536
2222,6.488477858475854
2223,-830.467627986465
2225,-9.319992550684672
2226,522.5588221136271
2227,-285.0713130077593
2228,116.41456564132211
2229,-178.48586040196193
2230,21.695453048553826
2231,-240.51483473585398
2232,593.4751088962231
2233,-151.18697773386154
2236,-809.2606370016792
2238,-41.01575314172231
2240,-151.4690331448545
2242,35.78100203896334
2244,548.3870537730487
2245,-2.928056248411764
2249,-6.491719587929378
2250,-64.07339754124621
2251,-6.3046750146618376
2252,-50.37719076317092
2254,1.0967164992616318
2256,-89.58059958444288
2258,17.431431047199414
2259,23.98767035554967
2264,-27.60146431349939
2266,-117.95666814094636
2267,8.039005881405107
2268,-33.055870176395615
2269,-67.21864487596412
2274,-3.6783136783705963
2275,-1.2108051072105894
2276,56.69617478841833
2277,93.65058082958448
2280,25.134240691245612
2281,11.60847904596336
2282,-48.63699005792104
2283,-25.545403661239646
2284,536.4049236391752
2285,126.69182488790302
2287,591.6728296188793
2288,64.77587189548962
2290,-2.6352343261644897
2292,-61.05397695468321
2295,145.82972742056265
2297,-50.97087468869894
2298,-20.471659476972306
2299,-42.69765896837674
2301,16.207049267767548
2302,-10.094467302744672
2303,-73.886253022262
2304,11.204199303896456
2305,-21.16224727369113
2307,-96.96743071633276
2309,-29.03511319447728
2311,-71.30990058630634
2312,18.865079928177312
2313,-57.24563275217068
2314,102.85687134815116
2316,-51.3788792399136
2317,-39.46471095033229
2318,-26.10157083533673
2319,-838.4996140771908
2320,-55.165746729968205
2321,12.669517508992865
2323,102.32022167446979
2325,-26.87890212087231
2328,-8.489620194830774
2329,195.3511121347625
2330,-663.3046118201838
2331,229.9452765865375
2333,-63.73516719845351
2337,-30.500431399573685
2339,-59.182854942152716
2341,-14.15260021221022
2342,-53.29499777651584
2344,-98.44331580506446
2346,114.67310886722187
2347,-7.504251471909894
2348,101.93490153998786
2351,28.54020656189302
2354,-36.89064626164978
2357,20.976343413902637
2361,52.469627463484
2364,-88.57963400932253
2366,-3.6783136783705963
2367,-103.38792547613097
2369,95.0200891222867
2370,18.865079928177312
2372,-324.06557244801155
2373,109.18664488145448
2374,5.401903314775115
2377,17.431431047199414
2378,-27.60146431349939
2379,-14.15260021221022
2380,-83.90445293543534
2384,118.50527825636307
2387,258.2317945962059
2388,172.74739568031168
2389,-12.446345581449263
2395,-67.79961290110118
2398,-5.074544708000833
2399,6.847301098943436
2402,-53.67901449850591
2404,-42.431414915837934
2405,-24.682170098673755
2406,-37.293886142232296
2407,8.039423049196138
2409,-47.27693916913039
2413,4.016010714087262
2414,131.10284940039705
2416,9.294619053210223
2417,35.33721906122439
2418,5.51288466996747
2420,-38.22455719208314
2422,180.46104617899124
2423,-10.730328166257545
2426,35.86244409433296
2432,-8.093402485645736
2436,8.387621847641931
2437,529.089482115352
2438,29.28534451969337
2439,-25.906551878105617
2440,-194.75874816546167
2441,-21.668494921199336
2445,-38.3491775618609
2447,-22.682120798779085
2450,-74.45556711115317
2451,-1.4041756631503226
2456,74.86663792464422
2457,72.14568133771832
2458,-885.654284483718
2459,-210.61068025515306
2460,-68.38917625336792
2462,-20.728080405473793
2463,106.30038099601664
2464,19.29752295265762
2465,-22.45060965383944
2468,-47.17167185282464
2470,25.926343098233946
2471,199.79490400479685
2473,-5.111962559348488
2476,-25.867719432039014
2478,53.783691625049755
2480,6.4734600989662745
2481,-81.16000987692709
2483,-39.25434595302111
2484,164.03247863783565
2486,103.04630844358853
2487,-30.227825649790624
2488,-49.91356103481719
2492,17.444547686625103
2495,-65.41349782747774
2497,-30.227825649790624
2498,-38.065133667576816
2499,-66.28040284360779
2503,-4.871026133683941
2505,-169.73345626098939
2509,-140.26531829144224
2512,-12.687282007113813
2515,-13.838191699614711
2517,128.69562586207937
2518,31.263899378632278
2519,62.913291081362615
2520,10.939700006400582
2521,-28.061481718433072
2522,-478.2719850836923
2525,-7.7634649721023
2526,-85.45321858788301
2527,37.912528560278915
2528,-228.81226405596453
2531,-18.373310867858528
2533,-830.467627986465
2534,-109.10867699562682
2535,-5.111962559348488
2536,-44.37598959740099
2543,6.295786541793333
2547,-0.6416949972823964
2550,-12.31757232896128
2552,47.04258207882718
2554,46.48629922270325
2555,-26.818271765796798
2559,-39.33267171952971
2561,-29.03511319447728
2567,-5.026609424429555
2569,15.305396577340627
2570,-146.08275401766565
2572,71.57113103936905
2574,-65.00420166091129
2575,-8.649109799167972
2576,48.57533192800962
2577,14.899077099632212
2580,-1.6171655038080353
2581,-22.98953524639915
2583,516.4587415925345
2584,-9.265009961161137
2585,-107.94878624646192
2586,-14.58183733426377
2587,-882.7307160186243
2588,0.9209830410899009
2589,12.604862723283372
2591,-144.57793813328158
2592,-5.111962559348488
2594,13.066270131866137
2596,-31.69314385488704
2600,29.55849815454565
2602,-106.11419967532443
2603,-316.53832393703027
2605,-62.78012797509962
2607,18.865079928177312
2609,92.84568985546865
2610,-45.627068749433974
2614,14.202114705340694
2615,-27.566889040433136
2617,-249.2054562645495
2619,-50.93692507768918
2623,14.596840176213139
2627,-30.500431399573685
2629,1.7817747903413448
2630,-5.111962559348488
2633,9.52402236041527
2634,-39.8313836416018
2638,-92.60233650634866
2640,-13.879994462427161
2642,141.40299944058455
2643,-80.96296215214484
2644,25.42581461329767
2646,0.6399897765685587
2647,-33.1582897850365
2648,440.8492942198549
2650,-227.8475643540295
2651,39.93404944077598
2653,137.3280387728503
2654,-49.829702513234395
2655,50.13628742917686
2656,-200.6393223700514
2659,92.289080720748
2662,-3.6783136783705963
2663,-135.34607410534724
2664,-24.71383942279227
2669,-41.264010087398844
2671,183.4489266192686
2672,-37.42802648202151
2673,-136.29856425772428
2677,-76.11267611584647
2678,-30.500431399573685
2680,-62.26786650770198
2683,-41.48178692970286
2685,-46.382130040446675
2686,11.74020965981305
2688,-40.04366785154876
2689,9.158745512430276
2692,16.207049267767548
2694,37.54681844462013
2696,-73.73171475441437
2697,-7.322745674843581
2698,-13.128416764477508
2700,-39.48453576964827
2702,-30.45673045267984
2704,-42.56815828894682
2705,28.60342157382345
2707,34.99455045387934
2710,-35.85770046297065
2714,-7.165152763964057
2715,-39.50788527959607
2718,-20.395535967853103
2721,-17.35371364722847
2722,179.17827088888947
2725,-157.50595711088553
2726,21.808875391860536
2727,-21.636825597080826
2728,-969.8128475279888
2732,16.859955094747182
2741,-1024.3220438131202
2743,-8.90042669074419
2746,-27.58311967040315
2749,-188.25185945345785
2750,-54.89631404474119
2751,528.7543845328113
2753,13.19282246887126
2754,-30.500431399573685
2755,-27.60146431349939
2757,-29.03511319447728
2758,109.01226186959492
2759,112.64211018673667
2763,-51.50627030553194
2765,-64.98650601831989
2767,-51.50627030553194
2770,504.7456727211669
2771,-27.60146431349939
2775,234.60640473613716
2776,-339.20696265845316
2778,12.669517508992865
2784,578.5587750853281
2787,18.586499039898722
2788,-44.829388841867264
2789,18.68779217684754
2792,-19.006341271875897
2794,124.98217612974015
2796,168.24957460915138
2801,528.3121555082232
2804,22.10899633784449
2805,31.830259615072944
2807,56.150636707124235
2809,-5.111962559348488
2810,106.85814526576662
2813,-24.71383942279227
2815,-19.90600841615227
2817,-187.02528765117899
2818,-6.491719587929378
2819,5.344392278759429
2822,-79.04680958491058
2826,-24.441233673009204
2827,-5.026609424429555
2829,-38.8272085891564
2834,-30.160951432253178
2835,-0.3686017058347737
2836,1.3429005130606093
2837,22.82129128632973
2841,-3.6783136783705963
2842,2.989808164326874
2843,-29.03511319447728
2845,-95.61167943695867
2846,-89.9039567301042
2847,76.6922296967863
2850,-13.813120244889712
2851,-7.992303733562192
2856,-97.09509556555291
2857,-5.143631883467002
2858,-54.098905181985984
2859,9.770550422918564
2860,109.18735114871775
2865,1.0967164992616318
2867,82.03449074377754
2873,87.18953938716695
2874,4.79219675892605
2876,-113.01029661979726
2879,-43.61921643942175
2880,-81.239074297391
2881,18.89867113111566
2882,112.4004615171092
2883,-4.069399645476228
2886,132.39830805778936
2887,14.33429439697709
2890,58.00469716855929
2893,-27.60146431349939
2894,-24.106521937347974
2895,28.952693910646833
2899,17.431431047199414
2900,50.26104075139031
2905,-19.49086552815578
2906,198.60219154948356
2907,-26.147488303770164
2908,-864.3020181197344
2910,-29.03511319447728
2915,7.866914236694996
2916,-31.60387665232148
2917,32.6140126557212
2921,-124.78964197235666
2922,22.82129128632973
2924,-6.841780061940764
2925,550.2673860605947
2927,18.673893489504056
2929,-5.111962559348488
2932,111.8629703375398
2934,17.74618894331275
2937,86.42382601770402
2939,-128.72986914453432
2940,-6.577280764444897
2942,40.336855623411225
2943,-48.605320733802536
2944,-5.143631883467002
2945,-30.227825649790624
2948,-137.34786008042636
2949,7.907108979944169
2951,-257.7735915033956
2952,-14.15260021221022
2954,11.204199303896456
2955,-230.14169581786155
2957,-18.150167658494645
2960,506.2109909262633
2962,-38.68633077812639
2964,-85.44826098155129
2968,-25.5820298933883
2970,-66.51132654637365
2974,-40.01646872460645
2977,1.8198465942817599
2978,-42.00632561559067
2980,20.02829093702803
2984,-303.9105054271843
2985,71.11340196235727
2986,46.36485176051899
2989,-10.484893229976022
2990,-154.49842868722595
2991,5.858439446770458
2992,-111.71338004948872
2995,13.806047304022332
2997,-6.3046750146618376
2998,-51.50627030553194
3000,11.23586862801498
3001,-3.6783136783705963
3002,-101.72877246502289
3006,-35.68223151268686
3007,12.902863719216224
3008,-33.061901003982584
3010,54.160581431245916
3011,-68.3575069292494
3012,-5.111962559348488
3013,-16.12498741359616
3014,-18.427202720255536
3017,16.35583839466891
3018,-15.707841410794902
3021,-6.012198309148481
3022,-29.03511319447728
3024,-23.248521217695856
3026,-127.09926041007164
3027,189.03005768709684
3035,-28.794176768812733
3036,147.2161713980729
3039,-51.50627030553194
3040,-26.022478678107483
3043,481.67450502124206
3044,153.35690380525486
3047,2.5096394877487533
3048,-74.94420526462567
3049,-31.135620891957984
3050,101.93490153998786
3053,544.9647817270962
3055,-41.64682923803583
3063,18.673893489504056
3064,-23.962657313391933
3065,18.58860643711893
3066,-37.00458998371554
3071,-67.14988394336457
3075,-5.143631883467002
3076,-79.90198490960228
3078,116.43030657124758
3080,40.38626100913778
3082,28.204391484774927
3085,-16.297168916923013
3095,-24.71383942279227
3098,-148.09016873970654
3100,-58.644182774511634
3101,7.907108979944169
3102,-128.84337046626882
3103,-53.07986718839915
3105,-5.111962559348488
3106,-48.473679279075526
3107,130.55368510919993
3109,-33.76100690848429
3112,-27.60146431349939
3113,-69.58964517064716
3114,-160.39883205474433
3116,-57.994660425399275
3119,157.57648882873835
3121,-28.794176768812733
3123,748.317624189178
3127,-41.264010087398844
3128,-191.0776344575987
3129,-349.8068212677057
3130,17.67236747286395
3132,-18.940536131902366
3133,-13.047602720055838
3135,89.99450190364004
3137,81.91403687517756
3138,37.2097451090721
3139,21.70277787008097
3142,5.326934034867801
3143,-127.09926041007164
3145,506.2109909262633
3148,-44.77001709105555
3150,1.2835535335659145
3153,147.4008630192482
3154,515.0918387589119
3159,-51.45178171373777
3161,0.2545130978858161
3162,95.53334025165508
3163,-12.687282007113813
3164,-3.6783136783705963
3165,135.7263698171474
3167,-8.334338911310287
3168,97.78579022514826
3169,40.336855623411225
3172,-259.1664560071793
3176,17.444547686625103
3181,-4.871026133683941
3184,42.01838436763053
3185,-380.5721098333021
3188,-29.842178653868924
3189,89.99450190364004
3192,-71.77609097119414
3193,-15.38055375259237
3194,-12.02439277390582
3196,-24.682170098673755
3197,-88.74030772277251
3200,-86.49406558759674
3203,-32.257489546439075
3204,-21.937597896915303
3207,-17.848607978971387
3209,-15.464796360712128
3210,-4.580425177063191
3213,-132.90916268287503
3214,-14.365997535476442
3220,-55.89790099309086
3221,84.99066479683492
3225,5.569094973997899
3226,-45.65873807355249
3227,-58.27575294315113
3230,-101.74246089396497
3231,-68.21661121973197
3235,-383.3788673061666
3238,20.28291180470522
3240,-3.6783136783705963
3245,-16.803418762793644
3247,-5.270184220472121
3248,-55.88555953996479
3249,-239.14584064058562
3250,-30.227825649790624
3252,-44.245165553703124
3253,115.22185318600874
3254,-105.88630064366501
3256,20.012660482657427
3259,-24.682170098673755
3263,-8.3660082354288
3264,-18.286654005759345
3265,116.41456564132211
3268,6.4734600989662745
3269,-70.83554141919265
3270,-30.500431399573685
3271,-10.590743892927923
3274,167.2851904651141
3275,-19.34022502553694
3276,-2.0793715328920648
3277,9.370986740835068
3279,-30.500431399573685
3286,-7.769993219758247
3288,12.14451681697162
3289,-126.64561503822158
3290,-29.03511319447728
3291,-19.722285372392328
3295,-81.43181066449186
3296,479.95305542969595
3298,52.358766745928705
3299,-834.5678177733555
3303,-95.38712360886272
3308,-47.11281838476543
3311,-8.338800600597965
3312,-82.03681149669588
3316,56.811039967260896
3317,-29.551843311853553
3318,17.417091160858643
3319,660.9733861156343
3321,-77.28504926048993
3322,-16.692413015440444
3326,4.983240054293734
3331,-789.7827109616541
3333,543.4994635219997
3334,-32.257489546439075
3337,46.96057600717509
3338,-58.026329749517785
3339,-26.14947078942525
3340,-26.10157083533673
3347,-5.058070706951483
3349,199.79490400479685
3350,-4.231972285705069
3351,17.444547686625103
3352,-48.605320733802536
3353,-335.7980538224131
3355,7.45596890742944
3357,-29.03511319447728
3360,-3.6783136783705963
3361,-51.50627030553194
3362,-55.89543007262921
3364,169.89943999419268
3365,-42.861516799080306
3366,-34.659381789789634
3371,178.9518683385999
3372,-3.6783136783705963
3375,-1.462770619492158
3379,12.476871985420505
3381,-24.83656498298961
3382,-27.60146431349939
3384,-11.541553623731833
3388,124.76746032685004
3392,116.41456564132211
3393,-186.97285729131457
3398,6.4734600989662745
3400,116.83803231809158
3403,-31.908517052439002
3404,231.4105947916339
3405,-43.8903714236901
3406,6.4734600989662745
3407,-318.6076016499397
3409,-12.687282007113813
3410,-8.334338911310287
3413,-52.89500096111449
3414,-48.605320733802536
3418,18.865079928177312
3422,18.10912325573376
3423,-26.147488303770164
3425,60.142511705348795
3426,-761.6076807266239
3429,-40.01646872460645
3431,563.8583056668409
3433,-129.66734427898967
3434,-261.1025336968963
3437,-63.46064957212889
3438,235.30347729824047
3439,-721.6062542543704
3441,-113.59457708260064
3455,-11.768365875686829
3456,-27.338706145747373
3459,201.2285528857747
3460,-62.69364051266531
3463,-47.02593614411009
3464,-206.93766739640893
3466,-87.92771446857464
3467,-99.18297899276702
3469,-169.0353039038384
3473,5.449659595065153
3475,195.5767976130724
3477,-30.500431399573685
3478,71.20116167178291
3479,-28.794176768812733
3480,-3.6783136783705963
3482,-193.3681298256674
3484,-129.61150839002426
3485,-82.22466673753011
3491,-130.01815549926192
3493,-0.8826314229469361
3494,-3.042192788922449
3496,526.4852909354822
3497,22.593585481411377
3499,-68.32992315744367
3501,-41.48178692970286
3503,-32.289158870557586
3504,-80.83019917101267
3508,103.6026818717195
3509,238.5141426370456
3515,-106.54143881798902
3516,-9.019575024879613
3518,16.168170557719503
3523,-30.823840665461177
3525,-20.728080405473793
3526,45.52977841191236
3527,37.64889289614631
3528,52.55202367425001
3535,-26.349827781013275
3537,234.83286683758683
3539,-9.265009961161137
3543,-73.53823805161024
3544,572.6452074866163
3545,-30.823840665461177
3548,499.08612065789885
3550,43.32465216261021
3552,12.669517508992865
3554,-149.50280186207166
3555,63.42023015018144
3557,9.927284111931382
3558,-15.656117574255433
3559,-855.1550301767462
3563,-8.334338911310287
3567,92.82391409972048
3568,-29.03511319447728
3570,-29.066782518595797
3571,387.03373928338937
3574,-33.37383525753542
3575,10.438440117849513
3576,-45.17065319013867
3580,176.40765463095886
3585,54.37365322162087
3586,15.220647931704324
3589,76.48808263742163
3591,4.182520619640233
3593,-161.9721274166612
3595,108.85308574890665
3599,18.508474111855474
3601,-26.061927127254634
3603,56.215688403367636
3604,-10.17565660497209
3605,31.270034313662546
3606,18.216742067568465
3607,14.534744775034891
3609,11.035085951862602
3612,-685.170475842162
3615,-46.37747864942037
3616,116.83803231809158
3617,-50.07262142455404
3618,83.41477748920879
3620,-42.69765896837674
3622,-12.07977185661227
3624,-16.821335800662936
3625,46.129611859960434
3626,108.11290716571547
3628,-36.831217215321374
3630,-21.174278896466465
3631,-28.794176768812733
3633,-12.687282007113813
3635,3.104177471945629
3638,-42.21178712654322
3639,10.519000832642082
3641,-16.03942623708064
3646,-66.33429469600478
3651,97.02288550532782
3652,3.154921207279525
3653,891.1774266241533
3654,23.97259293030763
3660,-59.73540409456258
3661,22.89549032539433
3664,-58.86004464284176
3665,-0.33693238171626305
3666,11.23586862801498
3667,10.759937258306639
3668,-25.9904103996884
3670,4.307819990090941
3671,-52.4824084426842
3673,-882.7307160186243
3674,-72.45044716661285
3676,-41.264010087398844
3682,-29.066782518595797
3683,27.264600931124082
3684,-52.862839046172795
3686,-8.334338911310287
3688,-5.549319803085467
3689,-40.77615575991024
3690,-21.01696077286154
3692,-29.066782518595797
3694,1.2835535335659145
3697,-74.82162294275598
3698,-10.114428004264381
3702,14.658140673967662
3704,528.6169505397324
3705,-2.280672174492331
3707,-0.7801000009248007
3708,108.02158209327457
3710,-29.178050315737124
3711,109.47257776256826
3712,24.254940167307627
3716,-42.69765896837674
3718,-6.577280764444897
3720,-12.056062098024332
3722,505.7157614601822
3725,-26.093596451373156
3728,-48.58740369593327
3729,465.08424036398605
3732,14.412146822841503
3733,11.23586862801498
3734,-669.5284855877063
3739,178.36399633908076
3740,-43.00070741314272
3745,-115.11778857241522
3749,56.03235011276516
3750,-22.103304040847032
3752,-13.859830581579663
3754,97.3223480139531
3755,-12.687282007113813
3760,-14.85748037613724
3761,-49.898698295267735
3765,-62.4492093711124
3768,-21.882549037936098
3770,10.043156172701625
3773,-56.14372953543506
3774,417.6809660916507
3778,-150.78965607459426
3779,-103.17610977494284
3781,-112.57079781409722
3782,-880.6498493070976
3783,-14.562065645455405
3784,36.4151413029106
3785,-27.60146431349939
3786,-17.505485159272407
3788,20.741397416806965
3789,-6.3046750146618376
3790,9.770550422918564
3792,-153.95708186585222
3793,-16.59684890369629
3794,117.47943395920417
3795,14.302625072858586
3800,92.78552367630544
3802,-62.57091495246799
3803,588.7603136431886
3804,-27.60146431349939
3808,-55.17503977651985
3809,507.2306736978461
3811,-57.35087774506121
3814,41.530502487594504
3819,26.77211142761507
3821,47.16071876950028
3822,-55.118252058140826
3825,-66.9238580482715
3827,-16.41082632127352
3828,-2.443500087373849
3829,-16.224274367727453
3830,-294.7043383314984
3833,43.766613520579924
3838,-69.87625170532841
3841,-259.472681763528
3842,155.63922464533994
3845,-88.57963400932253
3846,-17.43608071618705
3849,82.89119589639755
3852,-411.40451671737844
3853,62.59275123019641
3855,-15.510412479882387
3857,-12.404542818636816
3858,-5.977357401603896
3859,-78.82484654228965
3860,-12.446345581449263
3862,12.519831260313008
3864,297.34297192748977
3865,200.2793273728137
3866,17.67236747286395
3867,-102.82940140022636
3868,-100.18184924357088
3869,69.48501675141374
3871,141.94996561752384
3872,69.84959293381183
3873,-66.86493397109871
3880,-26.002522168020853
3882,764.6846656454197
3885,-339.57293788334204
3891,65.3605704870291
3894,56.45440346203566
3896,70.31764871390129
3898,-8.649109799167972
3899,18.107436919833095
3901,-9.778394199463147
3902,1.5561592833489755
3903,-428.2757838653287
3905,-372.3975117760375
3906,52.94000434064297
3907,202.40965684318266
3910,515.3017103788255
3911,-24.1483810124104
3912,-24.90552305793925
3914,-40.01646872460645
3915,-31.306479262334413
3916,-27.60146431349939
3917,-129.38885148568693
3918,-39.87886778546995
3921,-31.972279437500383
3922,178.68605839059876
3924,-11.235288483039678
3926,-30.259494973909142
3927,-26.030163837507597
3928,-23.668637537242972
3931,-139.9360566686582
3932,193.2847696932726
3933,504.7456727211669
3936,-101.7178071244448
3941,-111.2079073483969
3944,7.395382064536207
3945,56.77957354551897
3946,146.22684919714538
3948,140.38437753574215
3949,-151.22967143229852
3950,-179.87666229995182
3955,-6.3363443387803535
3957,198.60219154948356
3959,18.865079928177312
3963,-81.23305256644538
3968,-55.921359112807096
3970,64.91783954317286
3972,-559.2711571660109
3973,521.704520325175
3975,-242.73142419392465
3976,-26.061927127254634
3977,-39.69673726603883
3978,-174.3578676568097
3979,-6.52338891204789
3980,-27.815145986109684
3986,-55.64462311430023
3988,-27.60146431349939
3995,-29.066782518595797
3997,612.3201397631179
3998,-33.72479023719059
3999,288.5311001803043
4001,-70.77852485732066
4005,-30.430039793852174
4006,77.86054708620195
4011,-60.58596068104757
4012,-80.20712522470012
4013,-51.45178171373777
4019,-43.543065810697684
4020,-50.07262142455404
4022,-53.39536370593876
4023,164.58979905462715
4024,499.08612065789885
4028,-105.88877156412669
4031,-9.884639030867515
4032,-43.64543600752113
4035,-2.9691418458306735
4036,-22.814278315649748
4037,-7.831361080183239
4038,-89.3904645079589
4040,-6.3046750146618376
4043,23.640110105809537
4046,67.01301213129354
4047,212.97098057389815
4048,11.23586862801498
4053,-29.03511319447728
4054,-17.41302674109701
4056,-44.193419868456076
4058,152.5480474406687
4059,54.6301331418874
4062,-65.71623506238669
4064,-27.262279349397982
4065,-6.577280764444897
4066,7.43666579214068
4068,34.84396891397367
4072,-30.235371479316363
4073,-100.7809301607123
4074,-85.95488599674444
4075,-14.454324236596557
4076,115.9928366250608
4077,504.7456727211669
4080,-17.08976645523333
4083,-102.56818992126925
4087,-12.687282007113813
4091,-39.54849128591385
4092,48.37055108874881
4093,-13.911663786545672
4094,-106.97649257989674
4095,-30.259494973909142
4098,102.38723883475883
4099,4.305306872604014
4103,76.27101287792073
4105,-42.27811685989108
4108,138.1269331609559
4110,-131.38374290961465
4111,212.7737808008404
4112,21.241114772987192
4113,101.93490153998786
4116,-44.193419868456076
4118,-36.99993157313601
4120,-84.06238036130631
4121,189.5642712861047
4128,-10.590743892927923
4133,31.830259615072944
4135,-100.87145992305025
4139,-100.58474614592784
4141,103.21548733528711
4144,21.6785757529348
4148,-12.687282007113813
4150,-9.64257921232494
4152,-30.28367699245053
4153,-11.253633126135917
4154,675.8089733644703
4155,634.7514737187042
4157,211.59678715060693
4163,-351.861099324417
4172,11.476805053679524
4173,-93.35330002814656
4174,-138.02031193428127
4176,-41.64682923803583
4179,-28.794176768812733
4180,-45.43792697136428
4181,-1.0093156666382228
4183,-4.087835654068055
4189,5.380825887264823
4190,6.4734600989662745
4192,-31.626269637349587
4193,11.204199303896456
4194,-8.334338911310287
4195,-39.29745274293232
4197,-69.45481592812314
4200,-60.47186285431255
4201,396.73761765595793
4203,-27.60146431349939
4205,-23.700306861361486
4207,1.0967164992616318
4209,-43.226733308235794
4210,-0.5527226787447859
4211,10.592394393408174
4212,-37.52121592438633
4213,540.1789886161513
4214,16.568735636166704
4215,-3.355995149609626
4219,195.5647925604386
4221,-49.7221861209686
4222,-48.72829239363453
4223,118.66456911807309
4225,-47.17167185282464
4226,14.658140673967662
4227,221.50727152443062
4230,76.12303855649904
4231,2.717202414543813
4234,-5.143631883467002
4237,-8.334338911310287
4239,-32.787312768544425
4240,62.47422288701691
4241,-23.244188005594225
4242,-36.41738396308428
4243,-876.484627203221
4244,200.03839094714908
4245,28.073435542027998
4246,-29.03511319447728
4247,18.865079928177312
4250,564.7348849604123
4251,-164.53825681748987
4252,511.8350773929956
4253,-65.16881607943141
4254,271.0204197441579
4255,-3.4094764543732197
4256,45.27912371636209
4257,-6.577280764444897
4258,89.57128136502278
4259,-160.7090373394274
4262,-81.44010811991856
4264,177.18093086451063
4265,105.37060918592549
4266,-128.3353025063841
4269,-89.62104105441924
4271,27.65382763136429
4273,-34.10317911438899
4274,-51.1558350019465
4275,-85.54243456266057
4277,53.61500121821686
4278,-65.44313672178045
4279,-31.93009179917649
4281,-129.8268047496644
4284,-2.9208013764586376
4286,-815.5851150041976
4287,284.54918673411936
4291,41.53252616062419
4299,11.23586862801498
4301,-26.349827781013275
4302,87.18007304562788
4306,-31.972279437500383
4307,2.748871738662327
4310,36.561088735201835
4311,-9.02347107156791
4315,-36.35115157348183
4316,-38.5105833481353
4320,-21.9053083579502
4321,16.547057387143166
4322,-1.160160035988227
4323,-3.667366124872512
4324,-50.07262142455404
4325,19.415350253583167
4327,25.86599408111859
4328,-189.23216710038852
4331,-6.577280764444897
4334,101.93490153998786
4335,-28.08652510675714
4336,8.03475519299673
4339,-56.468662730872836
4340,22.120900048316127
4346,-43.36160065674076
4347,-28.962876698984036
4350,41.96302250663281
4352,162.26026370268028
4353,85.8004016466002
4354,-29.03511319447728
4357,-2.0753438782602913
4359,-195.3092737176625
4361,-48.63699005792104
4365,199.79490400479685
4368,-13.838191699614711
4369,5.401903314775115
4373,-41.83361516245016
4376,29.97714750540236
4377,-84.0084885089093
4381,101.74968147422781
4382,-6.250783162264831
4384,-0.6017220741243641
4385,-24.441233673009204
4386,-80.12613924432947
4392,-39.28816883648113
4395,30.396610734095045
4397,-29.03511319447728
4402,-102.69524039955789
4403,-1.8022505868126721
4404,16.403280452567923
4405,93.38510180635139
4406,-30.823840665461177
4408,-27.60146431349939
4409,-43.81567156048073
4410,-5.111962559348488
4411,108.41000834498512
4414,506.2109909262633
4415,2.6375614446800775
4416,143.47482516753166
4418,-923.9435790081873
4420,11.23586862801498
4421,-48.5800484664034
4422,-815.5851150041976
4424,75.67794567889064
4428,-18.288636491414433
4430,-23.248521217695856
4434,210.3241879454638
4435,28.931292528998643
4437,-90.88334043973146
4438,-33.30412643275932
4439,-61.64028492824548
4440,-19.806959748836423
4442,-40.21318035705793
4443,45.538713246921446
4444,-1.395927196870133
4445,-90.25744533113358
4446,-66.95675750141318
4450,-29.03511319447728
4453,-2.2309271690059056
4454,-30.823840665461177
4456,-22.103304040847032
4457,7.981327961092507
4458,-261.8334620440148
4459,-13.523475520946315
4461,4.227114303629641
4462,-16.08891081314074
4463,-78.43666670450587
4466,-224.8591639632276
4467,64.41409435103375
4470,-24.916178900035376
4471,10.011486848583115
4475,-363.7029682376047
4477,-140.0952215589275
4478,5.008141893869869
4479,364.5260405729131
4480,421.656194666263
4483,116.41456564132211
4484,41.950014058901715
4487,-113.43861785209697
4489,-101.74246089396497
4494,63.888344798143805
4500,-78.78096843123035
4502,-16.299406807376208
4504,-201.77686893164812
4505,-78.6612184258628
4506,-18.427202720255536
4507,-948.0774681080319
4510,-47.17167185282464
4512,9.770550422918564
4515,5.903932742543336
4518,-39.819255464978994
4519,45.93527584605877
4520,-9.778394199463147
4524,44.25178163669895
4525,-79.09819041164864
4528,-17.179566105220157
4529,39.71179765357975
4534,-153.82698119536178
4538,514.3054109930936
4539,-77.1550940857481
4541,-14.229540907972499
4545,-22.02298119394174
4546,-68.615202148461
4549,9.884772563922429
4552,-18.751348749887406
4553,21.09341842042078
4554,529.3681294919838
4557,27.83133812858394
4559,155.63922464533994
4561,638.8173836693453
4566,17.431431047199414
4568,-142.24155853704698
4574,-174.5988040824743
4575,50.25851369689059
4576,-23.668637537242972
4577,-110.94927018436314
4581,-29.066782518595797
4582,-169.0014926738307
4584,-29.03511319447728
4587,3.732115565168275
4588,-11.253633126135917
4593,2.566493194648107
4594,-46.116549245699005
4595,14.239521250573258
4597,-79.9101002455628
4599,-23.967538644432633
4601,-24.682170098673755
4605,-409.46637379230907
4607,-9.558720690742145
4608,-20.99967220414977
4610,-143.2974113088982
4611,11.23586862801498
4613,-32.91895342704447
4615,199.16047820299804
4616,-23.547184804766978
4619,-12.993434388818978
4621,615.3039071320109
4624,13.871747696362736
4625,21.6785757529348
4626,108.13046395917225
4628,22.664305462353067
4633,67.52334479258539
4635,-31.69314385488704
4640,-24.916178900035376
4641,99.04420876164721
4643,-24.48254253756217
4644,-8.95632876482632
4647,6.5456965944595105
4650,-15.973022887291146
4651,-4.871026133683941
4652,-76.92108528438646
4656,-86.1119639008262
4657,-37.08292636546588
4660,21.928241698775008
4662,593.0614405783266
4663,506.85868385297863
4664,101.93490153998786
4666,-44.6147805136425
4667,50.873461804165416
4669,-19.90600841615227
4672,42.05500196672206
4673,17.67236747286395
4674,104.4984260695061
4675,9.796781891477568
4676,-8.362039057828689
4679,21.923096494847034
4681,-43.673783802132064
4683,45.737542347233756
4684,-13.639138256513256
4686,-19.763386697982046
4687,-61.05397695468321
4688,-82.18405461887208
4691,-17.72367860290701
4692,-42.292196313812184
4693,12.000110013557904
4696,-47.17167185282464
4697,-200.07597906607702
4698,-11.338382700328575
4701,-29.453715065303534
4705,12.669517508992865
4707,-19.619915175568888
4708,-145.235819068419
4711,37.64889289614631
4715,-50.07063893889894
4716,-18.83603521945239
4718,99.21961548136132
4719,96.00072540886156
4720,-30.617191827838923
4721,11.476805053679524
4722,-15.241309504166416
4724,-23.372133177097837
4729,57.425749943006934
4734,169.37586808079942
4739,128.21325661713217
4740,11.513426686856445
4741,11.204199303896456
4743,-137.95464002274477
4746,27.46945481406924
4747,-26.14947078942525
4749,1.9283420367683597
4750,18.673893489504056
4753,39.93404944077598
4758,-24.520099987706942
4759,-11.253633126135917
4760,-44.46602561823913
4762,-88.38883757422403
4763,-1083.7501082273766
4765,174.2248809724455
4767,-53.355417899961296
4769,83.67898017713175
4770,20.04907101359304
4771,-55.80887857776024
4772,-246.22235078443308
4773,-6.3046750146618376
4774,-163.16534763597107
4776,-161.56231127213354
4777,-72.47731257848353
4782,-39.09954996100481
4783,12.669517508992865
4785,37.451053318777895
4786,45.73202602698936
4791,-19.78173134107828
4793,-268.85196260959384
4797,260.53419176028376
4800,-28.34422032596872
4801,27.73924401665698
4802,-87.63297257097099
4808,138.36517977196536
4809,-60.32054822892917
4810,-4.311151867185842
4811,109.50213542676478
4812,-1.362590447287058
4816,495.33705079514164
4817,-74.97167121926007
4821,-37.293886142232296
4822,-401.7461007352045
4824,124.0093307848942
4826,-83.11153883505493
4827,-26.14947078942525
4829,-52.55954779665274
4830,-0.705127611147951
4831,-256.8626659232174
4832,-22.005274598133447
4835,-181.81167425666578
4838,-16.09331808947765
4841,-126.91593974093364
4842,-15.871674562967954
4845,48.37798649642728
4846,-2.956588662387407
4847,-16.803418762793644
4848,-99.13791098317859
4849,-29.976923862022158
4854,-27.82742804226301
4855,20.460060568613418
4858,4.182520619640233
4861,89.73866801261926
4862,67.84792863256138
4863,-2.312341498610845
4865,-44.38046444172361
4866,-10.590743892927923
4868,243.9567614854007
4870,-15.550591287694495
4871,17.431431047199414
4877,-26.637965695207768
4878,-86.85994791169793
4880,136.13270336278606
4881,-848.277995497032
4883,-16.09331808947765
4884,-142.20564403251123
4885,37.393924011051794
4886,-841.8846054947124
4888,-29.03511319447728
4890,116.41456564132211
4892,2.518474061351103
4893,-4.871026133683941
4895,-3.6783136783705963
4898,25.761848418098904
4900,91.25299886821189
4901,-27.60146431349939
4902,-85.50284253729299
4905,-186.63302181876995
4906,-3.6783136783705963
4909,-28.794176768812733
4914,-5.111962559348488
4915,470.07728804130915
4916,16.207049267767548
4917,-106.02118500862021
4918,32.439620742309
4920,-27.58311967040315
4921,-3.6783136783705963
4923,-46.12997824687645
4925,-3.6783136783705963
4928,-5.111962559348488
4932,-868.0946229944329
4933,122.77012567542927
4935,47.50409011281124
4936,23.554548929294025
4937,48.178090802436415
4939,-22.398660675898324
4940,577.995620920974
4941,-5.931829659274623
4942,-3.6783136783705963
4944,86.87398067152178
4952,8.516470107180222
4954,-12.31757232896128
4958,-28.97185032598566
4959,-17.558636294574058
4961,158.9850455745381
4962,-82.62873148032843
4963,20.353071369076236
4966,-116.20544561628397
4967,-7.06319554038161
4968,-16.0210815939844
4969,-28.781810285707945
4975,-93.66157248780809
4977,-29.03511319447728
4981,-16.87056058760505
4983,18.034053841263113
4988,-735.9329729199351
4990,-0.15361868129990341
4993,-104.25100265873063
4995,25.019867134390427
4996,-47.91714612826475
4998,-9.640529887331676
4999,-245.59997939486146
